id,first_name,second_name
1X0872,first1,second1
1X0945,first2,second2
1X0951,first3,second3
1X1032,first4,second4
1X1125,first5,second5
1X1126,first6,second6
1X1146,first7,second7
1X1152,first8,second8
1X1155,first9,second9
1X1181,first10,second10
1X1237,first11,second11
1X1288,first12,second12
1X1487,first13,second13
1X1672,first14,second14
1X1765,first15,second15
1X1773,first16,second16
1X1939,first17,second17
1X1947,first18,second18
1X2055,first19,second19
1X2645,first20,second20